{"schemaVersion":"1.0","appDefinitionTemplate":{"id":"/providers/Microsoft.PowerApps/apps/","type":"Microsoft.PowerApps/apps","tags":{"primaryDeviceWidth":"640","primaryDeviceHeight":"1136","sienaVersion":"20200811T131235Z-3.20074.20.0","deviceCapabilities":"","supportsPortrait":"true","supportsLandscape":"false","primaryFormFactor":"Phone","publisherVersion":"3.20074.20","minimumRequiredApiVersion":"2.2.0","hasComponent":"false","hasUnlockedComponent":"false","isUnifiedRootApp":"false"},"properties":{"appVersion":"2020-08-11T13:12:35Z","lifeCycleId":"Published","createdByClientVersion":{"major":3,"minor":20074,"build":20,"revision":0,"majorRevision":0,"minorRevision":0},"minClientVersion":{"major":3,"minor":20074,"build":20,"revision":0,"majorRevision":0,"minorRevision":0},"backgroundColor":"rgba(0, 176, 240, 1)","backgroundImageUri":"/12517632370780365011/N0cd3e702-474a-4fe8-9ab5-7dfff2efb6f2-logoSmallFile","displayName":"msa-apple-ab","description":"","commitMessage":"","appUris":{"documentUri":{"value":"/12517632370780365011/Ne9e44049-4aa6-4ef2-ab5d-6de827c3ad44-document.msapp","readonlyValue":"/12517632370780365011/Ne9e44049-4aa6-4ef2-ab5d-6de827c3ad44-document.msapp"},"imageUris":[]},"createdTime":"0001-01-01T00:00:00Z","lastModifiedTime":"0001-01-01T00:00:00Z","sharedGroupsCount":0,"sharedUsersCount":0,"icons":{"smallIconUri":"/12517632370780365011/Nce834b01-16ef-442f-afe0-47efdffcfc93-small.png","mediumIconUri":"/12517632370780365011/Ndcfa07e1-ff46-4372-9c85-ce28f89a606e-medium.png","largeIconUri":"/12517632370780365011/N20fcaf1b-29ac-4457-84bd-22c348b4c2ad-large.png","wideIconUri":"/12517632370780365011/N44d35c53-025d-4e1f-bbb6-b7e7028a9c94-wide.png"},"connectionReferences":{},"databaseReferences":{"default.cds":{"databaseDetails":{"referenceType":"NotSpecified","environmentName":"default.cds"},"dataSources":{"43b0dc67-68af-47ae-9a9c-9e69d396ba3e":{"entitySetName":"msdyn_aimodels","logicalName":"msdyn_aimodel"},"18333537-fdd1-4579-907c-955609c15d25":{"entitySetName":"msdyn_aiconfigurations","logicalName":"msdyn_aiconfiguration"},"39a6196f-02b0-4fc1-9715-78a41651bedd":{"entitySetName":"msdyn_aiodlabels","logicalName":"msdyn_aiodlabel"}}}},"almMode":"Environment","performanceOptimizationEnabled":true,"canConsumeAppPass":true},"isAppComponentLibrary":false,"appType":"ClassicCanvasApp","appComponents":[]}}